swarm_size,max_iterations,fitness,elevation,aspect,slope,horiz_dist_hydro,vert_dist_hydro,horiz_dist_road,hillshade_9,hill_shade_noon,hill_shade_15,horiz_dist_fire,wild_area_0,wild_area_1,wild_area_2,wild_area_3,soil_type_0,soil_type_1,soil_type_2,soil_type_3,soil_type_4,soil_type_5,soil_type_6,soil_type_7,soil_type_8,soil_type_9,soil_type_10,soil_type_11,soil_type_12,soil_type_13,soil_type_14,soil_type_15,soil_type_16,soil_type_17,soil_type_18,soil_type_19,soil_type_20,soil_type_21,soil_type_22,soil_type_23,soil_type_24,soil_type_25,soil_type_26,soil_type_27,soil_type_28,soil_type_29,soil_type_30,soil_type_31,soil_type_32,soil_type_33,soil_type_34,soil_type_35,soil_type_36,soil_type_37,soil_type_38,soil_type_39
25,50,0.8979742723107548,False,True,False,True,True,True,True,True,False,False,True,True,True,True,False,True,False,False,False,True,False,False,True,True,False,True,False,False,False,False,False,False,False,False,False,True,True,True,False,True,False,False,True,False,True,True,True,False,False,True,False,True,True,True
25,50,0.9059822776566215,False,True,False,True,True,True,False,False,False,False,True,True,True,True,False,True,False,False,True,False,False,False,False,True,False,True,False,False,False,True,True,False,True,False,False,True,True,False,True,False,True,False,True,False,True,True,True,False,False,True,False,True,True,False
25,50,0.9090162911859991,True,False,False,False,True,True,True,True,False,True,True,False,True,False,False,False,False,True,False,False,False,False,False,False,False,False,False,True,False,True,True,True,True,False,False,True,False,True,False,True,True,False,True,False,True,True,True,False,False,False,False,False,True,True
25,50,0.9026336031366436,False,False,False,True,True,True,False,False,False,True,True,True,True,True,False,True,False,False,True,False,False,False,True,True,False,True,False,True,False,False,False,False,False,True,False,False,False,True,True,False,False,False,True,True,False,False,False,False,True,False,False,True,True,True
25,50,0.9036737179769144,True,False,False,False,False,True,True,True,False,False,True,False,False,True,True,True,False,False,False,True,False,False,True,True,False,False,True,False,False,False,True,False,True,True,False,True,False,True,True,False,False,False,True,False,True,False,True,False,False,False,False,True,True,True
25,50,0.913627273752634,False,True,False,True,False,True,False,True,True,True,True,False,False,False,True,False,False,False,False,False,False,False,False,True,False,False,False,False,False,False,False,False,True,False,True,False,False,False,False,False,False,True,False,True,False,True,True,True,True,False,False,True,True,False
25,50,0.8997928685414588,False,True,False,False,True,True,False,False,False,True,True,False,False,False,True,False,False,False,False,False,False,False,True,True,False,True,False,False,False,False,False,True,False,True,False,True,False,False,False,False,False,False,True,True,True,True,True,False,True,True,False,True,False,True
25,50,0.8998176409510279,True,False,False,False,True,True,False,False,True,False,False,False,True,False,True,False,False,False,False,False,False,False,False,True,False,True,False,True,False,False,True,False,True,True,True,True,True,True,False,False,True,False,True,True,False,True,True,False,True,False,False,True,True,True
25,50,0.914120647250839,True,False,True,False,False,False,False,True,False,False,True,False,True,True,False,True,True,False,False,False,False,False,True,False,False,True,True,True,False,False,True,False,True,True,False,True,False,True,True,False,True,False,False,False,False,False,True,True,True,True,True,True,True,True
25,50,0.9047620398913903,True,False,False,True,True,False,False,True,True,False,True,False,True,False,True,False,True,True,False,True,False,False,False,True,False,True,False,False,False,True,False,False,True,True,False,True,False,True,True,False,False,False,True,False,False,True,True,False,False,True,False,True,True,True
25,50,0.9077866889554251,True,False,True,False,False,False,False,False,False,False,True,False,True,False,False,True,False,False,False,False,False,False,False,True,False,False,True,True,False,False,False,False,False,False,True,True,False,True,False,True,False,True,False,True,False,False,True,False,False,False,False,True,False,True
25,50,0.9125088499717846,False,True,False,False,False,False,False,True,False,True,False,False,False,False,False,False,False,False,False,True,False,False,True,False,False,True,True,False,False,False,True,False,False,False,True,False,True,False,True,True,False,True,True,False,True,True,False,False,False,False,False,True,False,True
25,50,0.9065246656367767,False,False,False,False,False,False,True,False,True,False,True,False,False,True,False,False,False,False,False,False,False,False,True,False,False,False,True,False,False,True,False,True,False,False,False,True,False,False,False,True,False,True,True,False,False,True,True,True,True,False,True,True,True,False
25,50,0.896757010199303,False,False,False,False,False,False,False,False,False,False,True,True,True,False,False,False,True,False,False,False,False,False,False,True,False,True,False,False,False,False,True,False,False,True,False,False,False,False,True,False,False,True,True,False,True,False,False,True,True,True,True,True,True,True
25,50,0.9010931432683366,False,False,False,True,True,False,False,True,True,True,True,True,True,True,False,True,False,False,False,False,False,False,False,True,True,True,False,False,False,False,True,False,False,True,True,False,True,False,False,True,True,False,True,False,False,True,False,False,True,False,False,True,True,True
25,50,0.9276405927546861,True,True,True,False,True,True,False,False,False,True,False,False,False,True,True,False,True,True,True,False,False,False,False,False,True,False,True,True,False,True,True,True,True,False,False,True,False,True,True,True,False,True,True,False,False,True,True,True,False,False,False,True,True,True
25,50,0.9058027177052099,True,True,False,False,True,False,False,False,True,False,True,False,True,False,False,True,False,True,False,False,False,False,True,True,False,True,False,False,False,True,True,True,True,True,False,True,False,True,False,False,False,False,True,False,True,False,True,False,False,False,False,True,True,False
25,50,0.9119174324567901,False,False,False,False,True,True,False,True,False,False,False,True,False,False,True,True,True,False,False,False,False,False,True,True,True,True,False,False,False,False,False,True,True,False,False,True,False,True,False,False,False,False,False,False,False,True,False,False,True,False,True,True,True,False
25,50,0.9285618985454406,True,True,False,False,False,True,False,False,False,True,False,True,False,True,False,True,False,False,False,False,False,False,False,True,True,False,True,False,False,False,False,True,False,False,True,True,False,True,False,True,False,False,False,False,True,False,False,True,True,True,True,False,True,True
25,50,0.8914499329231736,False,True,False,False,True,True,False,True,False,True,True,True,False,False,False,True,False,False,True,True,False,False,False,True,False,True,False,False,False,False,False,False,False,False,False,True,False,True,True,False,False,False,True,False,True,False,False,False,False,True,False,True,True,True
25,50,0.9130569751509884,False,True,False,False,False,False,True,True,True,True,False,False,False,True,False,True,True,False,False,False,False,False,True,True,False,False,False,False,False,False,True,False,False,False,True,False,False,False,False,False,False,False,True,False,True,True,True,True,True,True,True,True,True,True
25,50,0.9122601860346443,True,True,True,True,False,False,False,True,False,True,True,False,False,False,True,False,False,True,False,False,False,False,False,True,True,True,False,False,False,False,True,False,False,False,False,True,True,True,True,False,True,True,True,True,False,False,True,False,True,False,True,False,True,True
25,50,0.9127178874163641,True,True,False,True,True,False,False,True,False,False,False,True,False,False,False,False,False,True,False,False,False,False,True,True,False,True,False,False,False,False,True,True,False,False,True,True,True,True,True,True,False,False,True,False,False,False,False,True,True,False,True,True,True,True
25,50,0.9058928582240441,False,False,True,False,True,True,False,False,False,False,True,False,True,True,False,False,True,True,True,False,False,False,False,True,False,True,True,True,False,True,True,True,False,True,True,True,True,False,False,False,True,False,True,True,False,True,False,True,False,False,False,True,True,True
25,50,0.9046256781816249,False,False,False,False,True,False,False,True,True,False,True,True,False,False,True,False,True,True,False,False,False,False,True,True,False,False,False,False,False,False,False,False,False,True,False,True,False,True,False,False,True,False,True,True,False,False,True,True,True,False,True,True,True,True
25,50,0.908730698712108,False,True,False,False,True,True,True,True,True,True,False,False,True,False,True,True,False,False,False,False,False,False,True,False,False,False,False,False,False,False,False,False,False,True,False,True,True,True,True,False,False,False,False,False,False,True,False,False,False,False,True,True,True,False
25,50,0.9306811827860149,True,True,True,True,False,True,True,False,True,False,True,True,False,False,True,False,False,True,True,True,False,False,True,True,False,True,False,False,False,True,True,False,True,True,True,True,True,True,True,False,True,False,True,False,True,False,False,False,False,True,False,False,False,True
25,50,1e+100,False,True,False,True,False,True,False,True,False,True,False,True,False,False,False,False,True,True,False,False,False,True,False,True,True,True,False,False,False,True,True,False,True,True,True,False,True,False,False,True,False,True,False,False,True,False,True,True,False,True,False,True,False,True
25,50,0.9200540383865627,False,True,False,False,False,False,False,False,False,True,True,False,False,False,False,True,False,False,False,True,False,False,False,True,True,False,True,False,False,True,False,True,False,True,False,True,True,False,True,False,True,True,True,True,True,True,True,False,True,False,False,True,False,False
25,50,0.910628278716111,False,False,False,False,True,True,True,True,False,False,False,False,True,True,False,False,False,False,True,True,False,False,False,True,True,False,True,True,False,False,True,False,True,False,True,True,True,True,True,False,False,True,True,False,False,True,False,False,False,False,False,True,False,True
25,100,0.9090682656171305,False,False,False,False,True,True,False,True,False,False,True,True,True,True,True,True,False,False,False,False,False,False,False,False,True,True,True,False,False,False,False,False,False,True,False,False,True,True,False,True,False,True,True,True,True,True,True,True,False,False,False,True,True,False
25,100,0.9056661449165483,True,True,True,False,True,True,False,False,False,False,False,True,True,False,False,True,False,True,False,False,False,False,False,True,False,True,False,True,False,False,True,False,False,False,True,True,False,True,False,False,False,False,True,False,True,True,True,False,True,False,False,True,False,True
25,100,0.9358190877288185,True,True,True,False,False,False,True,True,True,False,False,False,False,False,True,False,False,True,False,True,False,False,True,False,True,True,False,False,False,True,False,True,False,False,True,False,True,False,False,True,False,True,True,True,True,False,False,True,True,False,True,False,True,True
25,100,0.9127098352430798,False,True,True,False,False,True,True,True,False,True,True,True,True,False,True,False,True,True,True,True,False,False,False,False,True,True,True,False,False,True,True,False,True,False,False,True,True,False,False,False,False,True,True,False,True,False,True,True,False,False,False,True,True,True
25,100,0.9085469814696988,False,False,True,True,False,True,True,False,True,True,True,True,True,False,True,False,False,False,False,True,False,False,False,False,True,False,True,False,False,False,True,False,False,False,False,True,True,False,True,False,False,False,True,True,True,False,True,False,True,False,True,True,True,False
25,100,0.9234290518451669,True,True,True,False,True,False,True,True,False,False,False,False,True,True,True,False,True,False,False,False,False,False,False,True,False,False,False,True,False,False,True,False,True,True,False,True,False,True,True,True,False,True,True,True,False,False,False,False,False,True,False,True,True,False
25,100,0.9176795462373665,False,False,False,True,False,True,False,False,True,True,True,True,False,False,False,False,False,True,False,False,False,False,False,True,False,True,True,True,False,True,True,False,True,True,False,False,True,False,False,True,True,False,False,False,True,True,True,False,False,False,False,True,False,True
25,100,0.9105832028810213,True,False,True,True,False,True,True,False,False,True,False,False,False,False,False,False,False,False,False,False,False,False,True,True,False,False,False,False,False,False,False,False,False,True,False,False,False,True,False,False,False,True,True,True,False,True,False,False,True,False,False,True,False,True
25,100,0.9075576163199331,True,False,True,False,True,True,False,True,True,True,False,True,True,True,False,True,False,False,False,False,False,False,False,True,True,True,False,False,False,True,False,True,True,False,False,True,False,False,False,False,False,False,True,False,True,True,True,False,False,True,False,True,True,False
25,100,0.9173934753064223,False,True,True,True,True,False,True,False,True,True,True,False,True,True,False,True,False,False,True,False,False,False,False,False,True,False,True,True,False,True,False,False,False,False,False,False,True,True,True,False,False,False,True,False,True,True,False,False,False,True,False,True,False,True
25,100,0.9158280001551504,False,False,True,False,False,False,True,False,True,True,True,False,True,True,True,False,True,False,True,False,False,False,True,False,False,False,False,False,False,False,False,False,False,False,False,True,True,False,True,False,False,True,False,True,True,False,True,True,False,False,True,False,True,True
25,100,0.9082307665166555,True,False,True,False,False,False,True,False,False,True,True,False,False,True,True,False,False,False,False,False,False,False,False,True,True,False,False,True,False,False,False,False,False,True,True,True,True,True,True,False,False,True,True,False,True,True,False,False,False,True,True,False,True,True
25,100,0.8991628177066175,False,True,True,True,False,True,False,True,True,False,True,False,False,True,False,False,True,False,False,False,False,False,True,True,False,False,True,False,False,True,False,False,False,False,True,True,True,True,False,False,False,False,True,False,True,False,True,False,True,False,False,False,True,True
25,100,0.903029697876955,False,True,False,False,True,True,False,False,False,True,True,False,True,False,True,True,True,False,True,False,False,False,False,False,True,True,False,False,False,False,True,False,True,False,False,True,True,False,False,True,False,False,True,False,False,True,False,False,True,False,True,False,True,True
25,100,0.9213445766613823,True,False,True,True,False,True,False,False,False,False,False,True,False,True,False,False,False,False,False,False,False,False,False,True,False,False,False,False,False,False,True,True,True,False,True,False,True,False,True,False,True,False,True,True,True,True,True,False,True,True,False,False,True,True
25,100,0.9203411682317626,True,False,True,True,False,False,False,False,False,False,True,False,True,False,True,False,False,False,True,False,False,False,False,True,True,False,False,False,False,True,True,False,False,False,False,False,True,True,False,True,True,True,True,True,False,True,True,True,True,True,False,True,False,True
25,100,0.9188874165378156,False,False,True,False,False,True,False,False,False,False,True,True,True,True,False,False,True,True,False,False,False,False,False,False,False,False,False,False,False,False,True,False,True,True,True,True,True,True,False,True,False,False,False,True,False,True,False,True,False,True,True,True,False,False
25,100,0.9217804738044284,True,True,True,True,False,True,True,True,False,True,True,True,True,False,True,False,True,False,True,False,False,False,True,True,True,True,True,False,False,True,True,False,False,True,False,True,False,True,True,False,False,False,False,False,True,True,True,False,True,True,True,True,True,False
25,100,0.9161407760856327,False,True,False,True,False,True,False,True,False,True,True,False,True,True,False,True,True,False,True,True,False,False,True,True,False,True,True,False,False,True,True,False,False,False,True,True,True,True,True,True,False,True,True,True,True,False,True,False,True,False,False,True,False,True
25,100,0.9084846276375217,False,False,False,True,False,True,False,True,False,True,True,True,False,False,False,False,False,True,True,False,False,False,False,True,False,True,True,True,False,True,False,False,False,True,True,True,False,True,False,True,False,False,True,False,False,True,False,True,True,False,False,False,True,True
25,100,0.9098659049937939,False,True,True,False,True,False,False,True,True,False,True,False,False,False,True,False,True,True,True,False,False,False,False,False,True,True,False,False,False,False,False,True,True,False,False,True,True,True,False,True,False,False,True,False,True,True,False,True,True,False,True,False,True,True
25,100,0.9100399064648415,False,True,True,True,False,True,False,False,False,True,True,True,False,False,False,False,False,False,True,False,False,False,True,False,False,False,False,False,False,True,True,False,False,False,False,True,True,False,False,False,True,False,True,False,False,True,False,True,True,True,True,True,False,True
25,100,0.9231692159015086,False,True,True,True,True,False,True,False,True,True,False,True,False,False,False,True,False,True,False,False,False,False,False,True,True,False,False,True,False,False,False,False,True,True,False,False,False,False,True,False,False,False,True,False,True,True,True,False,False,True,True,True,True,True
25,100,0.9100082422644387,False,False,True,False,True,True,False,True,False,True,True,True,True,True,False,True,True,True,False,False,False,False,False,True,False,True,True,False,False,False,True,False,False,True,False,True,True,True,True,False,False,True,True,False,False,True,True,False,True,True,True,False,False,True
25,100,0.9154092531916573,True,False,True,False,True,False,False,True,True,True,True,False,False,False,False,False,True,False,False,False,False,False,True,True,False,False,True,True,False,True,True,True,False,False,False,True,True,True,False,False,True,True,False,True,True,True,True,False,True,True,False,True,True,False
25,100,0.8938472586258001,False,False,True,False,True,True,True,True,False,True,True,True,True,False,False,False,False,False,True,False,False,False,False,True,True,True,True,True,False,False,False,True,False,False,True,True,True,True,False,False,False,False,True,False,False,True,True,False,True,False,True,True,True,True
25,100,0.915513799798414,True,False,False,True,True,True,False,True,True,True,True,True,True,False,False,True,True,False,False,True,False,False,True,True,False,True,False,False,False,False,True,False,False,False,False,True,False,True,False,False,True,False,False,True,True,False,True,True,False,False,False,True,True,False
25,100,0.9211382797484322,False,True,True,False,False,True,True,False,False,True,True,True,False,True,False,True,False,True,False,True,False,False,False,True,False,True,True,True,False,False,True,False,True,False,True,False,True,True,True,False,True,True,True,False,False,True,True,True,False,True,False,True,True,False
25,100,0.9070545697732131,True,False,False,True,False,True,True,True,True,True,True,True,True,False,False,False,True,False,False,False,False,False,True,True,False,True,False,False,False,True,False,True,True,False,True,True,True,True,True,False,False,False,True,True,True,True,False,False,True,True,False,True,True,True
25,100,0.9145953934422367,False,False,False,False,False,False,False,True,False,True,True,True,False,True,True,True,False,False,True,False,False,False,False,True,False,True,False,True,False,False,False,True,False,True,True,True,True,False,False,False,True,True,False,False,False,True,False,True,True,False,False,True,False,True
25,200,0.907294249269814,True,True,False,False,False,False,False,False,True,False,True,False,False,False,False,False,False,True,True,False,False,False,False,False,False,False,False,False,False,False,False,True,True,True,False,True,True,True,True,False,True,False,False,True,True,True,False,False,True,False,False,True,True,True
25,200,0.8960089994735176,False,False,True,False,False,False,False,False,True,True,True,False,True,False,True,True,False,True,False,False,False,False,False,True,False,False,False,False,False,True,True,True,False,True,True,True,True,True,True,False,False,False,True,False,False,False,False,False,False,False,False,True,True,True
25,200,0.894295037895069,False,False,True,False,False,True,False,True,True,False,False,True,True,False,True,False,False,False,False,False,False,False,False,True,False,False,False,False,False,True,False,False,False,False,False,True,True,True,True,True,False,False,False,False,True,True,True,False,False,False,False,True,True,True
25,200,0.8942373361496848,False,False,True,False,True,False,False,False,False,False,True,False,False,False,False,False,True,False,False,False,False,False,False,True,False,True,True,False,False,True,False,False,False,True,True,False,True,False,False,True,False,True,False,False,False,False,False,False,False,False,False,True,True,True
25,200,0.9138027651752373,True,False,True,True,True,True,True,False,True,False,True,False,True,False,True,False,True,False,False,False,False,False,True,True,False,True,False,False,False,True,False,False,False,True,True,True,True,True,False,True,False,False,True,True,True,False,False,False,False,False,True,True,False,False
25,200,0.9143043865662408,False,True,False,False,False,True,False,True,False,True,False,False,True,True,True,False,True,False,True,False,False,False,False,False,True,True,False,False,False,False,False,False,False,False,True,False,False,False,False,False,True,True,True,False,False,False,True,True,True,True,False,True,True,True
25,200,0.9131336998877861,True,True,True,True,True,False,True,True,True,True,True,False,True,False,True,False,True,False,False,False,False,False,False,False,True,False,True,False,False,True,False,False,False,False,False,True,True,False,False,False,False,False,False,False,True,True,False,False,True,False,True,True,False,True
25,200,0.9327286278154505,False,True,True,False,True,True,True,True,True,True,True,False,False,False,True,False,True,False,False,False,False,False,True,True,True,False,True,True,False,False,True,True,True,False,True,False,False,True,False,False,True,False,True,False,False,True,True,True,False,True,False,False,False,True
25,200,0.9374516288390895,True,False,False,False,False,True,False,True,True,False,False,True,True,True,False,True,True,True,True,True,False,False,False,False,False,False,True,True,False,False,False,True,False,False,False,True,False,False,True,False,True,False,False,True,True,True,True,False,False,False,True,True,False,False
25,200,0.8974633206031282,True,False,False,False,True,False,True,True,False,False,True,True,False,False,False,False,False,True,False,False,False,False,False,True,False,True,False,True,False,False,True,False,False,False,False,True,False,True,False,False,False,False,True,False,True,True,False,False,False,False,True,True,False,False
25,200,0.9052050359891649,False,True,False,False,True,True,False,True,False,True,False,False,True,True,True,False,False,True,False,False,False,False,True,True,False,False,False,True,False,False,False,True,False,False,False,True,True,True,False,True,False,False,False,False,False,True,False,False,True,True,True,True,True,True
25,200,0.9076683365493494,True,True,False,False,False,True,False,True,True,True,True,True,True,True,False,False,True,False,False,False,False,False,True,True,False,True,False,True,False,True,True,False,False,False,True,False,True,False,False,False,True,False,True,False,True,False,False,False,False,True,True,True,True,True
25,200,0.9164785106267302,True,False,True,False,False,False,False,True,False,True,False,False,False,True,False,True,False,False,True,False,False,False,True,False,True,False,True,True,False,False,False,True,False,True,False,True,True,False,True,True,True,False,True,True,True,True,False,False,True,False,True,True,True,True
25,200,0.9074156472162285,False,False,True,True,True,True,False,True,False,True,True,True,True,False,False,False,False,False,False,True,False,False,False,False,False,True,True,False,False,True,True,True,True,True,True,True,False,False,False,False,True,True,True,False,True,False,True,False,True,False,True,True,True,True
25,200,0.9166945512787829,False,False,False,False,False,True,True,True,True,False,False,False,True,False,True,False,True,False,False,False,False,False,False,False,False,True,True,True,False,True,False,True,False,True,True,True,True,False,True,False,False,False,True,True,True,True,False,False,True,True,False,True,False,True
25,200,0.9147037740659232,False,True,True,True,False,True,False,False,True,True,False,False,True,False,True,True,True,False,True,True,False,False,False,True,False,False,False,False,False,False,False,True,True,False,False,True,True,True,True,False,True,False,True,False,True,True,False,False,True,True,False,True,True,False
25,200,0.9030426727049128,False,False,False,False,True,False,False,True,False,False,False,False,True,False,False,True,True,False,False,True,False,False,False,True,False,True,True,False,False,True,False,False,False,False,False,True,False,True,False,True,True,True,True,True,True,False,False,False,True,False,False,True,True,True
25,200,0.9041716396805958,False,False,True,False,False,True,False,False,True,True,True,False,True,False,False,False,False,False,True,False,False,False,False,False,False,False,False,False,False,True,True,False,False,True,True,False,False,True,False,True,False,False,False,True,False,False,True,False,True,False,True,True,True,True
25,200,0.9199937451173006,True,True,False,True,True,True,False,False,False,True,True,True,True,False,True,True,False,True,True,False,False,False,False,False,True,False,True,False,False,False,True,False,False,True,False,True,True,False,True,False,True,True,True,False,True,True,True,False,True,False,False,True,False,True
25,200,1e+100,True,True,True,False,False,True,False,True,True,False,True,False,False,True,False,False,True,True,True,True,False,True,True,False,False,True,False,True,False,True,True,False,True,False,True,True,True,False,True,False,True,True,True,False,True,False,True,True,True,True,True,False,False,True
25,200,0.921275188852669,True,False,True,True,False,False,False,True,False,False,True,True,True,True,False,False,True,True,True,True,False,False,False,True,False,False,False,True,False,False,False,True,False,True,True,True,False,False,True,False,False,True,True,False,False,False,True,True,True,False,False,False,True,True
25,200,0.9239191428927589,True,True,True,False,True,True,False,False,True,True,True,False,True,True,False,True,True,True,False,False,False,False,False,True,False,False,False,False,False,False,True,False,True,False,True,True,True,False,False,True,False,True,False,True,True,False,False,True,True,True,True,True,False,False
25,200,0.9083610607696797,False,False,False,False,False,True,False,True,False,False,True,False,True,False,True,False,True,False,True,True,False,False,False,False,True,True,False,False,False,False,False,True,True,False,False,False,True,True,False,True,False,False,True,False,True,False,True,False,True,False,True,True,False,False
25,200,1e+100,False,False,True,True,True,False,False,True,False,False,True,True,False,True,True,False,True,True,True,True,True,True,False,False,True,True,True,True,False,True,True,True,True,True,False,True,True,False,False,False,False,True,True,False,False,True,True,True,False,False,False,False,True,False
25,200,0.9197855432271306,True,True,True,False,False,False,False,True,False,False,False,False,False,False,False,True,True,True,True,True,False,False,True,False,False,False,True,False,False,False,False,False,True,True,False,True,False,False,False,False,True,False,True,False,False,True,False,True,True,True,False,True,True,True
25,200,0.9319734051925808,True,True,False,True,True,False,True,False,True,False,True,True,True,True,False,True,False,False,True,True,False,False,True,True,False,True,True,True,False,False,False,True,False,True,True,True,True,False,False,False,False,True,True,False,False,True,False,True,True,False,False,False,False,False
25,200,0.9136792263313275,False,True,False,False,True,False,False,False,False,True,False,False,True,True,False,False,True,False,False,True,False,False,True,True,True,False,True,True,False,True,True,False,True,False,False,True,True,True,False,False,False,True,True,True,True,False,False,True,True,False,False,True,True,True
25,200,0.9113798194065879,False,False,True,False,False,True,True,True,False,True,False,True,True,True,False,True,True,False,False,False,False,False,True,False,True,True,True,False,False,True,True,False,False,True,True,False,False,True,False,False,False,False,True,False,True,True,False,False,True,False,False,True,True,True
25,200,0.9055072164200074,True,False,False,False,True,True,False,True,False,False,True,False,False,False,True,True,False,False,False,True,False,False,False,True,False,True,False,False,False,True,False,True,False,True,False,True,True,False,True,True,False,False,True,True,True,False,False,False,False,True,True,True,True,True
25,200,0.9162644863698969,False,True,False,False,True,False,False,False,True,False,False,False,True,True,False,False,False,True,False,False,False,False,True,True,True,True,False,True,False,False,True,True,True,False,False,True,False,True,True,False,False,False,True,False,False,True,True,False,True,False,False,True,False,False
50,50,0.8985518499458228,False,False,True,False,False,True,False,False,False,True,True,True,True,True,False,False,True,False,True,False,False,False,False,False,False,True,True,False,False,False,False,True,False,False,False,False,False,False,False,False,True,True,True,False,True,True,False,False,True,False,False,True,True,False
50,50,0.9072121211536335,False,False,True,False,False,True,False,True,True,True,True,False,False,False,True,True,False,False,True,True,False,False,True,True,False,False,False,False,False,False,True,False,False,True,False,True,False,True,True,False,False,False,True,True,False,True,True,True,True,False,False,True,True,False
50,50,0.9029287025768463,False,False,True,False,True,False,True,True,True,True,True,True,True,True,False,False,False,True,False,False,False,False,True,True,False,True,False,True,False,True,True,False,True,False,False,True,False,False,True,False,False,True,True,False,True,False,True,False,False,False,False,True,True,True
50,50,0.9095715875474304,False,False,True,True,False,False,True,True,False,True,False,False,False,True,False,True,False,False,False,False,False,False,False,False,False,False,False,True,False,False,True,False,False,False,False,True,True,True,False,True,True,True,True,True,False,True,True,True,True,False,False,True,True,True
50,50,0.9086918169925441,False,False,True,False,False,False,True,True,False,True,True,True,True,False,False,False,True,True,False,False,False,False,False,False,False,True,True,False,False,False,True,False,True,False,False,True,True,False,False,False,True,True,False,False,False,True,False,True,False,False,False,False,True,True
50,50,0.9121010505922117,False,True,False,False,False,False,False,False,False,False,True,False,False,False,False,True,False,False,False,False,False,False,True,False,True,True,True,True,False,False,False,True,True,False,False,False,False,True,False,True,False,True,True,True,True,True,True,False,True,False,True,True,True,True
50,50,0.9090619570425632,False,False,False,True,True,True,False,False,True,True,True,False,True,True,False,True,True,False,False,False,False,False,False,False,False,True,False,False,False,True,True,True,False,True,True,True,True,True,False,False,True,False,True,True,True,True,False,False,False,True,True,True,True,False
50,50,0.8887725105133109,False,False,False,False,False,False,False,False,False,False,True,False,False,False,True,False,False,False,True,True,False,False,True,True,False,False,True,True,False,False,False,False,True,False,False,True,False,True,False,False,True,False,True,False,True,True,False,False,False,False,False,True,True,True
50,50,0.8660957633630662,False,False,True,False,False,False,False,True,False,True,True,False,False,False,False,False,False,True,False,False,False,False,False,True,False,False,False,False,False,False,False,True,False,False,False,True,False,False,False,False,False,False,True,False,False,True,False,True,True,False,False,True,True,True
50,50,0.9052426604579082,False,False,True,False,True,False,False,True,True,False,True,False,True,False,True,False,False,True,True,True,False,False,False,True,False,False,False,False,False,False,True,True,True,True,False,True,False,True,False,False,False,True,True,True,False,False,False,False,True,False,False,True,True,False
50,50,0.9021366436020775,True,True,True,False,True,True,True,False,False,False,True,True,False,True,False,False,True,False,False,False,False,False,False,True,False,True,False,True,False,False,True,False,False,False,False,True,True,True,True,False,False,False,True,True,True,True,False,False,True,True,True,True,True,True
50,50,0.9202905775349451,True,True,True,False,False,True,False,True,False,True,True,True,False,False,True,False,True,True,False,False,False,False,False,False,False,True,False,True,False,False,False,False,True,True,True,False,True,True,True,False,True,False,False,False,False,True,True,False,True,False,False,True,False,True
50,50,0.8915849465463619,False,False,False,False,False,False,True,True,True,True,False,False,True,True,False,False,False,True,False,False,False,False,False,True,False,True,True,False,False,False,False,True,False,False,False,True,True,True,False,False,False,True,True,False,True,False,True,False,False,True,False,True,True,True
50,50,0.8928226820185857,False,False,True,False,False,True,False,True,True,False,True,False,True,False,False,True,False,False,True,True,False,False,True,False,False,False,True,True,False,False,False,False,False,False,False,False,True,False,False,False,False,False,True,False,False,False,False,False,False,False,True,True,True,False
50,50,0.9025162326182369,False,True,True,True,False,True,True,True,False,False,True,False,True,True,True,True,False,True,True,False,False,False,True,True,False,True,False,False,False,False,False,False,False,False,True,True,True,True,False,False,False,False,False,True,False,True,False,False,True,False,False,True,True,True
50,50,0.8954191832594066,True,False,True,True,True,False,True,False,True,True,True,False,False,False,False,False,False,False,False,True,False,False,False,True,False,True,False,False,False,False,False,False,False,True,False,True,True,True,False,False,True,False,True,False,True,False,True,False,True,False,False,True,False,True
50,50,0.8831148762264521,True,False,True,False,True,False,False,False,False,False,True,False,True,False,False,True,True,False,False,False,False,False,False,True,True,True,False,False,False,False,False,True,False,False,False,True,True,False,True,False,False,False,True,False,False,True,False,False,True,False,False,True,True,True
50,50,0.9018593108013715,True,False,False,False,False,False,False,True,True,True,True,False,False,True,False,False,False,False,False,False,False,False,True,False,True,True,False,True,False,True,False,False,False,True,False,False,True,False,True,False,False,False,True,True,True,True,False,False,False,False,True,True,True,True
50,50,0.8858961699884297,False,False,False,True,False,False,True,False,False,True,False,False,True,False,False,False,False,False,True,False,False,False,False,False,False,False,False,True,False,False,True,False,True,False,False,True,False,False,False,False,False,False,True,False,True,False,False,False,False,False,False,True,True,True
50,50,0.8968511136029862,False,False,True,False,False,False,False,False,False,False,True,False,False,False,True,False,False,True,False,False,False,False,False,True,False,True,True,False,False,True,True,False,False,True,False,True,False,True,False,False,False,False,True,True,False,True,False,True,True,True,True,True,True,True
50,50,0.9140036728675038,True,True,True,False,False,False,True,True,True,True,True,False,True,False,True,False,False,False,False,False,False,False,True,True,False,True,False,False,False,True,False,False,True,True,True,False,True,False,False,False,False,True,False,True,True,True,True,False,False,True,True,True,True,True
50,50,0.9238878195167328,True,False,True,True,True,False,False,True,False,True,False,False,True,True,False,True,False,False,True,False,False,False,True,False,False,True,False,True,False,False,True,False,False,False,True,False,True,True,True,True,True,False,True,False,True,True,True,False,True,False,True,False,False,True
50,50,0.8915746753078494,False,False,True,False,True,False,False,False,True,False,True,True,True,True,False,False,False,False,False,False,False,False,False,True,False,False,True,False,False,False,True,False,False,False,True,True,False,True,False,False,False,True,True,False,True,False,False,False,False,False,True,True,False,True
50,50,0.900218718996867,False,False,True,False,False,False,False,False,False,True,True,True,False,True,False,False,False,False,True,False,False,False,False,True,True,True,False,False,False,False,True,True,False,False,False,False,True,False,True,True,False,False,True,False,True,True,True,True,True,False,True,True,True,True
50,50,0.8849477644955782,False,False,False,True,True,True,True,False,False,False,True,True,True,False,False,False,False,False,False,False,False,False,False,True,False,True,False,False,False,False,True,False,False,False,False,True,True,False,True,False,False,False,True,False,True,True,False,False,True,True,False,True,True,False
50,50,0.9017962797681514,False,True,True,False,False,False,True,True,False,True,True,False,False,True,False,False,False,False,True,False,False,False,True,True,True,False,True,True,False,False,False,False,True,False,True,True,False,False,False,True,False,False,True,False,False,True,False,False,False,False,True,True,True,True
50,50,0.9121406000880344,False,True,False,False,False,True,True,False,False,False,False,False,True,True,False,True,False,False,True,False,False,False,False,True,False,True,True,False,False,True,False,True,True,False,False,True,False,False,True,False,False,True,True,True,True,True,True,False,True,True,False,True,True,True
50,50,0.9031084622391581,True,False,True,True,True,True,False,False,True,False,False,False,True,True,False,False,False,True,False,False,False,False,True,True,True,True,True,False,False,False,False,True,False,True,False,True,True,True,True,False,False,False,True,False,False,False,True,False,True,False,False,True,True,True
50,50,0.9048467305848288,False,False,True,False,False,True,False,False,True,False,True,False,False,True,False,False,False,False,True,True,False,False,True,False,False,True,True,True,False,True,False,True,False,False,False,False,True,False,False,False,False,True,True,True,True,False,False,False,False,False,True,True,True,True
50,50,0.8755187182520362,False,True,False,False,False,True,False,False,False,True,True,False,True,False,False,False,True,True,False,False,False,False,False,False,False,False,False,False,False,False,False,False,False,True,False,True,False,True,False,False,False,False,True,False,True,False,False,False,True,False,False,True,True,False
50,100,0.8893484381668968,False,False,False,False,True,False,False,False,False,False,True,False,False,False,True,False,False,False,True,False,False,False,False,True,False,False,False,False,False,False,False,False,False,False,False,True,True,False,True,False,True,True,True,False,True,True,True,True,True,True,False,True,True,True
50,100,0.9094903261639206,False,False,False,True,False,True,True,True,False,True,True,True,True,False,False,False,False,False,True,True,False,False,True,True,False,True,True,False,False,True,False,True,True,True,False,True,True,False,False,False,True,True,True,False,False,False,False,True,False,False,True,True,True,True
50,100,0.9079263592198569,False,False,False,False,False,True,False,True,False,False,True,True,True,False,True,True,False,True,True,False,False,False,False,True,False,False,False,False,False,True,False,False,True,False,True,True,True,False,False,False,False,True,False,True,False,True,True,False,True,False,True,True,True,False
50,100,0.9013605136817061,False,False,True,True,False,True,False,True,False,False,False,False,True,False,True,False,False,False,False,False,False,False,True,False,False,True,False,True,False,False,True,False,True,False,False,True,True,False,False,False,True,False,False,True,True,True,True,False,True,False,False,True,True,True
50,100,0.8958601739272295,False,False,True,False,False,True,False,True,False,False,True,False,True,False,True,False,False,True,False,False,False,False,False,True,False,True,False,False,False,True,False,True,False,False,True,True,True,False,True,False,False,True,False,False,False,False,True,False,False,True,False,True,True,True
50,100,0.9020342091389117,False,False,True,False,True,False,False,True,True,True,False,False,True,False,False,True,True,True,False,False,False,False,True,True,True,True,False,False,False,False,False,False,False,False,False,True,True,False,True,False,True,False,True,False,True,True,False,False,False,False,False,True,False,True
50,100,0.8935711046213268,False,False,False,False,False,True,False,True,False,True,True,False,True,False,False,False,False,False,False,False,False,False,True,True,True,True,False,True,False,False,True,True,False,False,False,False,True,True,False,False,False,True,False,False,False,True,False,False,False,False,False,True,True,False
50,100,0.9015580946913565,False,True,False,False,True,True,False,True,False,True,True,False,True,True,True,True,True,False,False,False,False,False,False,True,True,True,True,False,False,True,False,False,False,False,False,True,False,True,False,False,True,False,False,False,True,True,True,False,False,False,False,True,True,True
50,100,0.9089270323774432,False,False,True,False,True,True,False,False,True,True,True,True,True,False,False,True,True,True,True,False,False,False,True,True,False,False,True,False,False,False,False,False,True,False,False,False,True,False,False,True,False,False,True,False,False,False,True,True,True,False,True,True,True,False
50,100,0.9190193564192419,False,False,True,True,False,False,False,False,False,True,True,False,True,True,False,True,True,False,True,False,False,False,True,False,False,False,True,False,False,True,False,False,True,True,False,False,False,True,True,False,True,True,True,False,True,True,True,False,False,True,True,True,True,False
50,100,0.8996016676632123,False,False,False,False,False,True,True,False,False,False,True,False,True,False,False,False,True,True,False,False,False,False,False,False,False,False,False,False,False,False,False,False,False,True,False,True,False,False,True,False,False,False,False,False,True,True,True,True,True,False,False,False,True,True
50,100,0.9031986529158907,False,False,False,False,False,True,False,False,True,False,True,False,True,False,False,False,False,False,False,True,False,False,True,False,False,True,False,True,False,False,False,True,True,False,True,True,False,False,False,True,False,False,False,True,True,False,False,False,True,True,False,True,True,True
50,100,0.9003486811010929,False,False,False,True,True,False,False,True,True,True,True,False,True,False,False,True,False,False,True,True,False,False,False,True,False,False,False,False,False,False,True,True,False,False,False,True,True,True,True,False,False,True,True,False,False,True,True,True,True,False,True,True,True,True
50,100,0.9049173443850342,True,False,True,True,True,True,True,False,False,True,True,False,False,False,True,True,True,False,True,False,False,False,False,True,False,True,False,False,False,False,False,False,False,True,False,True,True,False,False,False,False,False,False,True,False,True,False,False,False,True,False,True,True,True
50,100,0.8945395464094561,False,False,False,False,False,False,False,True,True,True,True,False,True,True,True,False,False,True,False,False,False,False,False,True,False,False,False,True,False,True,False,False,False,False,False,True,False,False,False,False,False,False,False,True,False,False,False,False,True,True,False,True,True,True
50,100,0.8977276431153686,True,False,False,False,False,True,False,True,False,True,True,True,True,False,True,False,True,True,True,False,False,False,False,False,False,True,False,False,False,False,True,False,False,False,False,True,False,False,False,False,True,False,True,False,False,False,False,False,False,False,True,True,True,False
50,100,0.9039756994474594,False,True,True,False,True,True,False,True,True,False,True,False,False,False,True,False,True,False,False,False,False,False,False,True,True,True,False,False,False,True,False,False,False,False,False,True,True,True,True,False,True,True,True,True,False,False,False,False,False,True,False,True,True,True
50,100,0.889612283890394,True,False,False,False,True,True,True,True,True,False,True,False,False,False,True,False,False,False,False,True,False,False,False,True,True,False,False,False,False,False,False,False,False,False,False,True,True,False,False,False,False,False,False,False,True,False,True,False,False,False,False,True,True,True
50,100,0.9054742270893303,True,True,False,True,False,True,False,True,False,False,True,True,True,False,False,False,False,False,False,False,False,False,False,False,False,True,False,False,False,True,False,False,True,False,True,True,True,False,False,False,False,True,True,False,True,True,True,True,True,True,False,True,False,True
50,100,0.905147863600376,False,False,True,True,True,True,False,False,False,False,True,True,True,False,True,False,False,False,False,False,False,False,False,True,False,True,True,True,False,False,True,False,True,True,True,True,False,False,False,False,True,False,False,False,True,True,False,True,True,False,False,True,True,True
50,100,0.9088528853214498,True,False,True,True,False,False,False,True,True,True,False,False,True,False,True,False,False,False,False,True,False,False,False,False,True,False,False,False,False,False,False,False,False,True,True,True,True,True,False,False,False,True,True,False,True,True,True,True,False,True,True,True,True,True
50,100,0.9056039363144808,False,False,False,False,True,True,False,False,True,False,True,False,True,True,False,True,False,False,True,True,False,False,True,False,False,True,True,False,False,False,False,True,True,False,True,True,True,True,True,True,True,False,True,False,False,True,True,False,False,True,False,True,True,True
50,100,0.9133542203480947,True,True,False,True,True,False,False,True,True,True,True,True,True,True,False,False,False,False,False,False,False,False,True,True,False,True,False,True,False,True,False,False,True,False,True,True,True,True,True,False,False,False,False,False,False,False,True,False,True,False,True,False,True,True
50,100,0.8930575575913701,False,False,False,False,False,True,False,True,False,False,True,False,False,True,False,True,True,False,False,False,False,False,True,True,False,False,False,True,False,True,True,False,True,False,True,True,False,False,False,False,False,False,True,False,False,False,True,False,True,False,False,True,True,True
50,100,0.9050163152547015,False,False,True,False,True,False,False,True,False,False,False,False,True,False,False,False,True,False,False,False,False,False,False,False,True,False,False,False,False,False,False,False,True,False,False,True,True,False,True,False,False,True,True,True,False,True,True,False,True,True,True,True,False,True
50,100,0.8859697738967727,False,False,False,False,False,True,True,True,False,True,True,False,True,False,True,False,False,False,False,True,False,False,False,True,False,True,True,False,False,False,True,False,False,False,False,True,True,True,False,True,False,False,True,False,False,False,False,False,True,True,True,True,True,True
50,100,0.8996212459510852,False,True,True,False,True,False,False,True,False,True,True,True,True,True,False,False,False,False,False,False,False,False,False,True,False,False,False,False,False,True,False,False,False,True,False,False,True,False,True,True,False,False,True,False,False,True,True,False,True,False,False,False,True,True
50,100,0.9115763902413969,False,False,False,False,False,True,True,True,True,False,False,True,True,True,False,True,True,False,False,False,False,False,True,False,False,False,False,False,False,False,True,True,False,False,True,True,True,False,True,True,False,True,True,False,False,True,False,False,False,False,True,True,True,True
50,100,0.8959326605994636,False,False,False,False,False,False,False,True,False,False,True,False,True,False,False,False,True,False,False,True,False,False,True,True,True,True,False,False,False,True,False,False,False,True,False,True,False,True,False,True,True,False,True,False,False,False,False,True,True,False,False,True,True,True
50,100,0.8924880847612161,False,True,False,False,True,False,True,False,False,False,True,False,True,False,True,False,False,False,False,False,False,False,True,True,False,True,False,True,False,False,False,False,True,False,False,True,True,True,False,True,False,True,True,False,False,True,False,False,False,False,False,True,True,False
50,200,0.901478851460313,False,False,True,False,True,False,True,True,True,True,True,False,True,True,True,False,False,False,False,False,False,False,False,True,True,True,False,False,False,True,False,False,False,True,False,True,False,True,False,True,False,False,True,False,False,True,False,False,True,True,True,True,False,True
50,200,0.9098298972196347,False,True,True,False,True,True,True,True,True,False,False,False,True,False,True,False,True,False,True,False,False,False,True,True,False,True,True,False,False,False,False,False,False,False,False,True,False,False,True,True,True,False,True,True,False,True,False,False,True,False,False,True,True,True
50,200,0.9152400392291588,True,True,True,True,False,True,False,True,False,True,True,False,True,False,True,True,False,True,False,False,False,False,False,True,False,False,True,True,False,False,False,True,True,True,True,True,False,False,False,True,True,False,True,False,False,False,False,False,False,True,True,True,True,True
50,200,0.9146787297512439,True,False,False,True,False,True,False,True,False,True,False,True,False,False,True,False,False,False,True,True,False,False,True,True,False,True,True,False,False,False,True,False,False,False,False,True,False,False,True,True,True,False,True,True,False,True,False,False,True,False,False,True,True,True
50,200,0.9112666650503287,False,True,False,False,True,True,False,False,True,False,True,False,True,False,True,False,True,True,True,False,False,False,False,False,True,True,False,False,False,False,False,False,True,False,False,True,True,True,True,False,True,False,True,False,False,True,True,True,False,True,False,False,True,True
50,200,0.9096589263608126,True,True,True,True,True,True,False,False,False,True,False,False,True,False,False,False,True,False,True,False,False,False,False,True,True,True,True,False,False,True,False,False,False,False,False,True,True,False,False,False,False,False,False,True,True,True,True,False,True,True,False,True,True,True
50,200,0.8973523244295536,False,True,False,False,True,False,False,True,False,False,True,True,True,False,False,False,False,False,False,False,False,False,False,True,False,True,True,True,False,False,False,True,True,True,False,False,True,False,False,False,False,False,True,False,False,False,False,True,False,True,False,True,True,True
50,200,0.9029680798996176,True,False,True,True,False,True,False,True,True,False,True,False,False,False,True,False,True,False,False,False,False,False,False,False,False,True,True,False,False,False,False,False,False,False,True,True,True,True,False,False,True,False,True,True,True,True,True,False,True,False,True,False,True,True
50,200,0.9020703906522091,False,False,True,True,False,False,False,False,False,False,True,False,True,True,False,True,False,False,True,False,False,False,False,True,False,True,False,True,False,True,False,False,True,True,True,True,True,False,True,False,False,True,True,True,True,True,True,False,True,False,True,True,True,True
50,200,0.9046920200764741,False,False,False,True,False,True,False,True,False,False,True,False,True,False,False,False,False,False,False,True,False,False,True,False,True,True,False,False,False,True,True,True,False,False,False,True,False,True,False,True,False,True,True,True,False,True,False,False,True,True,False,True,True,True
50,200,0.921045489897306,True,False,True,True,False,True,True,False,True,True,True,False,True,True,False,False,False,True,False,False,False,False,True,False,True,True,True,True,False,True,True,True,True,True,True,True,False,True,True,False,False,False,False,True,True,True,True,False,False,False,True,True,True,True
50,200,0.8969288417279172,True,False,False,True,False,False,False,True,False,True,True,False,True,False,False,False,False,False,True,False,False,False,False,True,True,True,False,False,False,False,True,False,False,True,False,False,True,False,True,False,False,True,True,True,True,True,False,False,True,False,False,True,True,True
50,200,0.9021762253868922,False,False,True,False,False,False,True,True,True,False,True,False,True,True,False,True,True,False,True,True,False,False,False,False,False,True,True,False,False,False,True,False,False,False,False,True,True,False,True,True,True,False,True,False,False,False,True,False,False,False,True,True,True,True
50,200,0.8962588634633558,True,False,False,False,False,True,True,False,False,False,True,False,True,False,False,True,False,True,False,True,False,False,False,True,True,False,True,False,False,False,False,False,True,False,False,False,False,False,False,False,False,False,True,False,False,False,True,False,True,False,False,True,True,True
50,200,0.9058878369905767,True,True,True,False,False,False,True,True,False,False,True,False,True,False,False,False,False,False,False,True,False,False,True,False,False,False,False,False,False,False,False,False,False,True,False,False,True,False,True,False,True,False,True,False,True,False,False,False,True,False,True,True,False,True
50,200,0.8962281634118391,True,False,True,True,False,True,False,True,True,True,False,False,False,True,True,False,False,False,False,True,False,False,False,True,False,True,True,False,False,False,False,False,False,False,False,False,True,True,False,False,False,True,True,False,False,True,False,False,False,False,False,True,True,True
50,200,0.9091173058309414,False,False,True,False,True,False,True,False,True,True,True,True,True,True,False,False,True,False,True,True,False,False,False,True,True,True,True,False,False,True,False,False,True,True,True,False,True,True,True,False,False,False,True,False,True,False,True,False,False,False,False,True,True,True
50,200,0.8934365833256084,False,True,False,False,False,True,False,False,True,True,True,True,False,False,False,False,False,False,False,False,False,False,True,True,False,True,False,False,False,False,True,True,True,False,False,True,True,False,False,False,False,False,False,True,False,True,False,False,False,False,False,True,True,True
50,200,0.8990671389709878,False,False,True,False,False,True,False,True,False,True,True,False,True,True,False,True,False,True,False,False,False,False,False,False,False,False,True,False,False,False,False,False,True,True,True,True,True,True,True,False,True,False,False,False,False,True,True,False,False,True,False,True,True,True
50,200,0.8992371852060101,False,False,False,False,False,True,False,True,False,True,True,True,True,False,False,True,False,False,True,False,False,False,False,False,True,True,False,False,False,True,True,False,False,True,False,True,True,True,True,False,True,False,True,False,False,False,True,False,False,True,False,True,True,True
50,200,0.9091555527360928,False,True,True,True,True,True,True,False,False,False,True,True,True,False,True,False,True,False,False,True,False,False,False,False,False,True,True,True,False,True,False,True,True,False,False,True,True,False,False,False,True,False,True,False,True,True,False,False,False,False,False,True,True,True
50,200,0.8983754437803285,True,False,True,False,True,True,False,False,False,True,False,False,True,True,False,False,False,False,True,False,False,False,False,True,True,True,False,False,False,False,False,False,False,True,True,True,True,True,False,False,False,True,False,False,True,False,False,True,False,False,False,True,True,True
50,200,0.9102627772909861,False,False,False,True,True,True,True,False,False,False,False,False,True,True,False,False,False,False,True,False,False,False,False,True,False,True,True,True,False,False,False,False,True,True,True,True,True,True,False,True,False,True,True,False,True,False,False,False,False,True,False,False,True,True
50,200,0.9003399132241799,False,False,True,False,False,False,False,True,False,False,False,False,True,False,True,False,False,False,False,True,False,False,True,False,False,True,False,True,False,False,False,False,False,True,False,False,True,False,True,False,False,False,True,False,True,False,False,False,True,True,False,True,True,False
50,200,0.8925451956561509,False,False,False,True,False,True,True,True,False,False,True,False,False,False,True,False,True,False,False,True,False,False,False,True,False,False,False,False,False,True,False,False,False,True,False,True,True,True,False,False,False,False,True,False,False,True,True,False,False,True,False,True,True,True
50,200,0.9090132218904927,False,False,False,True,True,True,False,True,True,False,True,False,True,True,False,False,False,True,False,False,False,False,True,True,True,True,False,False,False,True,True,True,False,True,False,True,False,False,False,False,False,True,True,True,True,False,True,False,False,False,True,True,True,False
50,200,0.907980884311404,True,False,False,False,True,False,True,True,False,False,False,False,False,True,False,False,False,True,False,False,False,False,False,True,False,True,False,False,False,False,True,False,False,False,False,True,True,False,False,False,True,True,True,False,False,True,True,False,True,True,True,False,True,False
50,200,0.9146821235395435,False,True,True,True,True,False,False,False,True,False,True,True,True,False,False,True,True,True,False,True,False,False,False,True,False,True,True,False,False,True,True,False,False,False,True,True,True,False,False,False,False,True,True,True,False,False,False,True,True,True,False,True,True,True
50,200,0.9039655274812013,False,True,False,True,False,True,False,False,False,True,True,True,True,True,False,False,False,True,True,False,False,False,True,True,True,True,True,False,False,False,True,False,False,False,True,True,False,False,False,False,False,False,True,True,False,False,True,False,True,False,False,True,True,True
50,200,0.9129868127703151,False,True,True,False,True,False,False,True,True,True,True,False,True,False,False,False,True,False,True,False,False,False,False,False,False,False,True,False,False,True,False,True,False,False,False,False,True,True,False,False,True,False,False,False,True,True,True,True,True,True,False,True,True,False
100,50,0.8992797588523199,False,False,False,False,True,True,False,True,False,False,True,True,False,False,False,False,False,True,False,False,False,False,False,True,True,True,True,False,False,True,True,False,False,False,False,True,True,False,True,True,True,False,True,False,True,True,False,False,True,True,True,True,True,True
100,50,0.8974737890151389,True,False,True,False,False,True,False,True,True,True,True,False,False,True,False,False,False,True,False,False,False,False,True,False,False,True,True,False,False,False,True,False,True,False,False,True,True,False,False,False,True,False,True,True,True,True,False,False,True,True,True,True,True,True
100,50,0.8892287854787637,True,False,True,True,False,False,False,False,False,True,True,False,False,False,False,False,True,False,False,False,False,False,False,False,False,True,False,True,False,False,False,True,True,False,False,True,True,False,True,False,False,False,True,False,True,False,False,False,False,False,True,True,True,True
100,50,0.8987902469346695,False,True,True,True,False,True,False,True,True,True,True,True,True,True,True,False,True,False,False,False,False,False,False,False,False,True,False,False,False,False,True,True,False,False,False,True,True,False,False,False,False,False,False,False,True,True,True,False,False,False,False,True,True,True
100,50,0.8866802740924468,False,True,False,False,False,False,False,True,True,False,True,True,True,False,True,False,False,False,False,False,False,False,False,False,True,False,True,False,False,False,False,False,True,False,False,True,True,True,False,False,False,False,True,False,False,True,False,False,False,False,False,True,True,False
100,50,0.9180400850705323,False,True,True,True,False,False,True,True,True,False,True,False,True,True,True,False,False,True,True,True,False,False,False,True,False,True,True,False,False,False,False,True,False,True,True,True,True,False,False,True,True,False,False,False,True,True,False,True,True,False,True,True,True,False
100,50,0.891152661980979,False,False,True,False,False,False,False,True,False,False,True,False,True,False,False,False,True,True,True,False,False,False,False,True,False,True,True,False,False,True,True,False,False,False,False,True,True,False,True,False,False,True,True,False,False,False,True,False,False,False,False,True,True,False
100,50,0.8907449013462023,False,False,False,False,False,False,False,True,False,True,True,False,True,False,False,False,False,False,False,False,False,False,False,True,False,False,False,True,False,True,False,True,False,True,True,False,True,False,False,True,True,False,True,False,False,True,True,False,False,False,False,True,True,True
100,50,0.9008091837133257,True,False,False,False,True,True,True,True,False,True,True,False,False,False,False,False,True,False,False,False,False,False,True,True,True,True,True,True,False,False,True,False,False,False,True,False,True,False,False,True,False,False,True,False,True,False,False,False,True,False,False,True,True,True
100,50,0.8897237051179323,False,True,False,False,True,True,False,True,True,False,True,False,True,False,True,True,False,False,False,False,False,False,False,True,False,False,False,True,False,False,True,False,False,True,False,True,True,True,False,False,False,False,True,False,False,False,False,True,True,False,False,True,True,True
100,50,0.8883831514296254,False,False,False,False,False,True,True,False,False,False,False,False,True,True,False,False,False,False,False,False,False,False,False,True,False,False,False,False,False,False,False,True,True,False,False,False,True,True,True,True,False,False,True,False,False,True,True,False,False,False,False,True,True,True
100,50,0.8944720530921146,True,False,True,False,True,False,False,True,False,False,True,False,False,False,False,True,False,True,True,True,False,False,False,False,False,False,False,False,False,False,False,True,False,True,False,True,True,True,False,False,False,False,True,False,False,True,False,False,True,False,True,True,True,False
100,50,0.8982693894540313,False,False,False,True,False,False,False,True,False,False,False,True,True,False,False,True,False,False,False,True,False,False,False,False,False,False,False,False,False,False,False,False,False,True,False,True,False,True,True,False,True,False,True,False,True,True,False,False,True,False,True,True,True,True
100,50,0.910611460765176,False,False,False,False,False,True,True,False,True,True,False,False,True,True,True,True,False,False,False,False,False,False,False,True,True,True,False,False,False,True,False,False,True,False,False,True,True,False,False,True,False,True,True,False,True,False,False,True,False,True,False,True,True,False
100,50,0.8950928792519238,True,False,True,False,False,False,False,True,True,True,True,False,True,False,True,False,False,True,True,True,False,False,False,True,False,True,False,False,False,False,True,False,False,True,False,True,True,True,False,True,False,True,True,False,True,True,True,False,False,False,False,True,True,True
100,50,0.8891696154733504,True,False,True,False,False,True,True,True,False,False,True,False,False,False,False,False,False,True,False,False,False,False,False,True,False,True,False,False,False,False,False,False,True,False,False,False,True,True,False,True,True,False,True,False,True,True,False,False,True,True,False,True,True,True
100,50,0.9120919174419632,True,False,True,True,False,False,True,True,False,False,True,True,True,False,False,False,False,False,False,False,False,False,True,True,True,True,False,False,False,True,False,False,True,False,False,True,False,False,True,False,True,False,True,False,True,False,True,False,False,True,False,False,True,True
100,50,0.8931630481312346,False,True,True,False,True,False,True,False,True,True,True,False,False,False,False,False,False,True,True,False,False,False,True,True,False,False,True,False,False,False,False,False,False,False,False,True,False,True,False,False,False,False,True,False,False,True,True,False,False,True,False,True,True,True
100,50,0.8963008105312802,False,True,True,False,False,False,False,False,False,True,True,False,True,True,False,False,False,True,True,False,False,False,True,False,True,True,False,False,False,False,True,False,False,False,False,True,True,False,False,True,False,False,True,True,True,True,False,True,False,False,False,True,True,True
100,50,0.9065654010797255,False,True,True,False,False,True,True,False,False,False,False,False,True,False,False,True,False,False,False,False,False,False,False,True,False,False,False,True,False,False,True,False,False,True,True,True,False,True,True,False,False,False,True,False,True,True,False,False,False,True,True,True,True,False
100,50,0.8757424162937382,False,False,True,False,False,False,True,False,False,False,True,False,True,False,False,False,False,False,False,False,False,False,False,True,False,False,False,False,False,True,True,False,False,False,False,True,False,False,False,False,True,False,True,False,True,True,False,False,False,False,True,True,True,False
100,50,0.8857343903247986,True,True,False,False,False,True,False,True,True,True,True,False,True,False,False,False,False,True,False,False,False,False,False,True,False,True,False,False,False,False,False,False,True,False,False,True,True,False,True,False,False,False,True,False,True,True,True,True,True,False,False,True,True,True
100,50,0.8780107065571598,False,False,False,False,False,True,False,True,False,False,True,True,True,True,False,False,False,False,True,False,False,False,False,False,False,False,False,False,False,False,True,False,False,False,False,True,False,False,False,False,True,False,True,False,True,True,True,False,False,False,True,True,True,True
100,50,0.8878828756396269,True,False,True,False,False,False,False,True,False,False,True,False,True,True,False,False,False,False,False,True,False,False,True,False,False,False,False,False,False,False,False,False,False,False,False,True,False,False,True,False,True,False,True,False,False,True,False,True,False,False,True,True,True,True
100,50,0.8971982264310883,True,False,False,False,False,False,False,True,True,False,True,False,True,True,False,True,True,False,False,True,False,False,False,True,False,False,False,False,False,False,False,True,False,False,True,True,True,True,False,True,False,False,True,False,False,True,False,False,True,True,False,True,True,False
100,50,0.8991573925882623,False,False,True,False,False,True,False,False,False,False,True,True,True,False,False,False,True,False,False,False,False,False,True,False,False,False,True,False,False,False,True,True,True,True,False,True,True,True,True,True,False,False,True,False,False,True,False,False,True,True,False,True,True,True
100,50,0.8717352350801029,False,False,True,False,True,True,False,True,False,False,True,False,True,True,False,True,False,True,False,False,False,False,False,False,False,False,False,False,False,False,False,False,True,False,False,True,True,True,False,False,False,False,True,False,False,False,False,False,True,False,True,True,True,True
100,50,0.8796228871242191,False,True,False,False,False,True,False,False,False,True,True,False,True,False,False,False,False,False,False,False,False,False,False,True,False,True,False,False,False,False,False,False,True,False,False,True,True,False,False,False,False,False,True,False,False,True,False,True,True,True,False,False,True,False
100,50,0.9013389179084084,False,False,False,False,False,True,True,True,True,False,True,False,True,False,False,False,False,True,False,True,False,False,False,True,False,True,True,False,False,True,False,False,False,True,True,True,False,False,True,False,False,True,True,True,True,True,True,False,True,False,True,True,True,True
100,50,0.9014974918515422,False,False,False,False,True,True,True,True,True,False,True,False,True,False,False,False,True,False,False,False,False,False,False,False,False,True,True,False,False,False,False,True,False,True,False,False,False,True,False,False,False,False,True,False,True,True,True,True,True,False,True,True,False,True
100,100,0.8787198445924236,True,False,False,False,False,True,False,True,True,True,True,False,True,False,False,False,False,False,False,False,False,False,True,False,False,False,False,False,False,False,False,False,False,False,False,True,True,False,False,False,False,False,False,False,True,False,False,True,False,True,False,True,True,True
100,100,0.8876166539389232,False,False,False,False,False,False,True,True,False,False,True,False,True,False,True,True,False,False,False,False,False,False,True,True,False,False,True,False,False,False,False,False,False,False,False,True,False,False,True,False,False,False,True,False,False,True,True,True,False,False,False,True,True,True
100,100,0.8893003012698792,False,False,False,False,False,True,True,False,True,True,True,False,True,True,False,False,False,False,False,False,False,False,True,False,True,True,False,False,False,False,False,False,False,False,True,False,True,False,False,False,True,False,True,False,True,True,True,False,True,False,True,True,True,True
100,100,0.9099986671560207,False,True,True,True,False,True,True,False,False,False,True,False,True,False,False,True,True,False,True,True,False,False,False,True,True,False,False,False,False,False,False,False,True,False,False,True,True,True,True,False,True,True,True,False,False,False,True,True,False,False,False,True,True,True
100,100,0.9066084060558918,True,False,False,False,True,False,False,True,True,True,True,True,False,False,True,False,False,False,False,True,False,False,False,True,False,False,False,True,False,True,False,False,True,False,False,True,True,True,True,False,True,True,True,False,False,True,False,False,False,True,True,True,True,True
100,100,0.8863743721553689,False,False,True,True,True,False,False,True,False,False,False,False,False,False,True,False,False,False,False,False,False,False,False,False,False,True,False,False,False,False,False,False,True,False,False,True,True,False,False,False,False,False,True,False,True,False,False,True,False,False,False,True,False,True
100,100,0.8940304985034006,False,False,True,True,False,False,False,False,False,True,True,False,True,False,False,False,True,False,True,True,False,False,False,True,False,False,False,False,False,False,False,False,False,False,True,True,True,True,True,False,True,True,True,False,True,True,False,False,True,True,False,True,True,True
100,100,0.9083345673887717,False,True,True,False,False,True,True,True,True,True,True,False,True,False,True,False,False,True,True,False,False,False,False,False,False,False,False,True,False,False,True,False,False,True,True,False,True,False,False,False,True,False,True,True,True,True,True,False,True,False,True,True,True,True
100,100,0.9065000492281945,True,True,False,False,False,True,False,False,False,True,True,False,False,True,False,False,False,True,True,True,False,False,False,False,False,True,False,True,False,False,True,False,False,False,True,True,False,True,False,True,False,False,True,False,False,False,True,False,False,False,False,True,False,True
100,100,0.8961401550503011,False,False,True,False,False,True,False,True,False,False,True,False,True,False,False,False,False,False,False,True,False,False,False,False,False,False,False,True,False,False,False,True,False,True,True,False,True,False,False,False,True,False,True,False,True,True,False,False,False,True,True,True,True,False
100,100,0.9000213894225303,True,False,False,True,False,False,False,False,False,False,True,False,True,False,False,False,False,True,False,True,False,False,False,True,False,True,True,True,False,False,True,False,False,True,False,True,True,True,True,False,False,False,False,False,False,True,True,False,True,False,False,True,True,False
100,100,0.8873873032607533,False,False,False,False,False,False,False,True,True,False,False,False,False,False,True,False,False,True,False,False,False,False,True,False,False,True,False,False,False,False,False,True,False,False,False,True,False,False,False,False,False,False,True,False,True,True,False,False,True,True,False,True,True,True
100,100,0.903181078298048,False,False,True,False,True,True,False,True,False,True,False,False,True,True,False,False,False,False,False,False,False,False,False,True,False,True,True,True,False,True,True,True,False,False,False,True,True,True,True,True,False,True,True,True,False,False,True,False,True,False,True,True,True,True
100,100,0.8887766198131902,False,False,True,False,False,True,False,True,False,True,True,False,True,False,False,False,False,False,False,False,False,False,True,True,False,True,False,False,False,True,False,True,False,False,True,True,False,True,False,False,False,False,True,True,False,True,True,False,False,False,False,False,True,True
100,100,0.8975264233476394,True,True,False,True,False,False,True,False,False,True,True,False,True,False,False,False,False,True,False,False,False,False,False,True,False,False,True,True,False,False,False,False,False,False,False,True,False,True,False,False,False,False,True,False,False,True,True,False,True,True,False,True,True,False
100,100,0.8889858136671073,True,False,False,False,False,True,False,True,True,True,True,False,False,False,True,False,False,False,False,False,False,False,False,True,False,False,False,True,False,True,False,False,True,False,False,True,False,True,False,False,False,False,True,False,False,False,True,True,False,False,False,True,True,True
100,100,0.8849355619831467,False,False,True,False,False,False,False,False,False,False,True,False,True,True,False,False,False,False,False,True,False,False,False,False,False,True,True,True,False,False,False,False,False,False,False,False,True,False,True,False,False,False,True,False,True,False,False,False,True,False,True,True,False,True
100,100,0.8782271479446899,False,False,False,False,False,False,True,True,False,True,True,True,False,False,False,False,True,False,False,False,False,False,False,True,False,True,False,False,False,False,False,True,False,False,False,True,True,True,False,False,False,False,False,False,True,True,False,False,True,False,False,True,True,True
100,100,0.8895056440108533,True,False,False,False,False,False,False,False,False,True,True,False,False,True,False,False,False,False,True,False,False,False,False,False,False,True,False,True,False,False,False,False,True,True,True,True,True,True,False,False,False,True,False,False,True,True,False,False,False,False,False,True,True,True
100,100,0.9021291240131164,True,False,True,True,False,True,False,True,True,False,True,False,True,False,True,False,False,False,False,False,False,False,True,False,True,True,False,False,False,True,False,False,False,True,True,True,True,True,False,False,False,False,False,False,True,True,False,False,False,True,True,True,True,True
100,100,0.8798389276874246,False,False,False,True,False,False,False,True,False,False,True,False,True,True,False,False,False,True,False,False,False,False,False,False,False,True,False,True,False,False,True,False,False,False,False,True,True,False,False,False,True,True,True,False,False,False,False,False,True,False,False,True,True,True
100,100,0.8992455334091166,False,False,True,True,True,True,False,False,False,True,True,False,False,False,False,False,True,False,True,True,False,False,True,True,False,True,False,True,False,False,False,False,True,False,False,True,True,True,False,True,False,False,True,False,False,True,False,True,False,True,True,True,True,True
100,100,0.8917660216115323,False,False,False,False,True,True,False,True,True,False,True,False,True,True,True,True,False,True,False,False,False,False,True,True,False,True,False,False,False,False,False,True,False,False,True,True,False,False,False,False,False,True,True,False,True,True,False,False,False,False,False,True,True,True
100,100,0.8844673573912731,False,False,True,False,False,False,False,False,True,False,True,False,False,False,False,False,False,False,True,False,False,False,False,False,True,True,True,False,False,False,False,False,False,False,True,True,True,True,True,False,False,False,True,False,False,True,False,True,False,False,True,True,True,True
100,100,0.8997028528891999,False,False,False,True,False,False,False,False,False,False,True,False,True,True,False,False,False,True,False,False,False,False,False,True,True,True,True,False,False,False,False,True,False,True,False,True,False,True,True,False,False,False,False,False,False,False,True,True,False,False,False,True,True,True
100,100,0.8965415337292197,False,False,False,False,True,True,False,False,False,False,True,False,True,False,True,False,True,False,False,True,False,False,False,True,False,True,False,False,False,False,True,False,True,False,False,True,True,True,True,True,False,False,True,False,False,True,False,False,False,True,True,False,True,True
100,100,0.9019614719110836,False,False,True,False,True,False,False,False,True,True,True,False,True,False,True,True,False,False,False,False,False,False,False,True,True,True,True,False,False,False,True,False,False,False,True,True,True,True,False,False,False,True,True,False,False,True,False,False,False,True,False,False,True,False
100,100,0.8869507555057409,False,False,False,False,True,False,False,False,True,False,True,False,False,False,False,True,False,False,False,False,False,False,False,False,False,False,True,False,False,False,False,False,False,False,False,False,True,True,False,True,False,False,False,False,False,False,False,False,False,False,False,False,True,True
100,100,0.893298936272961,False,False,False,True,False,False,True,False,True,True,True,False,False,False,False,False,True,True,True,False,False,False,False,True,False,True,False,True,False,False,False,False,False,False,True,True,True,True,False,False,False,False,True,True,False,True,True,False,False,False,False,True,True,True
100,100,0.8773543644574469,False,False,False,False,True,True,False,False,False,False,True,False,True,False,False,False,False,False,False,False,False,False,False,False,False,True,True,False,False,False,False,False,False,True,False,True,False,True,False,False,True,False,True,True,False,False,False,True,True,False,False,True,True,True
100,200,0.8957080109123837,False,False,False,True,True,False,False,False,False,True,True,False,True,False,False,False,False,False,True,False,False,False,False,True,False,False,False,False,False,True,True,False,False,False,True,True,False,False,False,False,False,True,True,True,False,True,False,False,False,False,False,True,False,True
100,200,0.8823309888460104,False,False,False,False,False,True,False,False,False,False,True,False,True,True,False,False,False,True,False,False,False,False,False,False,True,True,True,False,False,False,False,True,True,False,False,True,True,False,False,False,False,False,True,True,False,False,True,False,True,False,False,True,True,True
100,200,0.9034769299440173,False,False,False,True,False,True,False,True,True,True,True,False,True,False,False,False,False,True,False,False,False,False,False,True,False,False,False,False,False,False,False,True,True,False,False,True,False,True,True,False,True,True,False,False,False,True,False,False,False,False,False,True,False,True
100,200,0.8958559915740543,False,False,False,False,True,False,False,False,True,False,True,True,False,True,False,False,False,True,False,False,False,False,True,True,False,False,False,False,False,True,False,False,True,True,False,False,True,True,False,False,False,True,True,False,True,True,False,False,False,False,True,True,True,True
100,200,0.8965101533286671,False,False,True,False,False,False,True,False,True,False,True,True,False,False,True,False,False,True,True,False,False,False,True,False,True,True,True,False,False,False,False,False,False,False,False,True,True,True,False,True,False,False,True,False,False,True,False,False,False,False,False,True,True,True
100,200,0.8940499522828066,False,False,True,False,False,True,False,True,False,False,True,False,True,False,True,True,True,False,False,False,False,False,False,True,True,True,False,False,False,False,False,False,False,False,True,True,True,True,True,True,True,True,True,False,False,False,False,False,False,False,False,True,True,True
100,200,0.8881606333117946,False,True,True,False,False,True,False,False,False,False,True,True,False,False,False,False,False,False,True,False,False,False,False,True,False,True,True,False,False,False,False,False,True,False,False,True,False,False,False,False,False,False,True,False,False,True,False,False,True,True,False,False,True,True
100,200,0.8938508795442138,True,True,True,False,False,True,True,True,True,False,True,False,True,False,False,False,False,False,False,False,False,False,False,True,False,True,False,True,False,False,False,False,False,True,False,True,False,False,False,True,True,False,True,False,True,True,False,False,False,False,False,True,True,False
100,200,0.8819491989790885,False,True,False,False,False,False,False,False,False,True,True,False,True,False,False,False,False,False,True,True,False,False,True,False,True,True,False,False,False,False,False,False,False,False,False,True,False,False,False,False,False,False,True,False,False,True,True,False,False,False,False,True,True,False
100,200,0.8952012148898039,False,False,False,True,False,False,False,True,False,True,True,True,False,False,False,False,False,True,False,False,False,False,True,True,False,True,True,True,False,False,False,False,False,False,False,True,True,False,True,False,True,False,True,False,False,False,False,False,False,True,True,True,True,True
100,200,0.8870834463245025,False,True,True,False,True,True,False,False,False,False,True,True,False,False,False,False,True,False,False,False,False,False,False,False,False,False,False,False,False,False,False,False,False,False,False,True,True,False,True,False,False,False,True,False,False,False,True,True,True,False,False,True,True,False
100,200,0.9006848541313863,False,False,True,True,True,False,False,False,True,True,False,False,True,True,False,False,False,True,False,True,False,False,False,True,False,False,False,True,False,True,True,False,False,True,False,True,True,True,False,False,False,False,True,False,True,True,True,False,False,True,False,True,True,True
100,200,0.9099093147649356,False,False,True,True,True,True,True,False,True,True,True,True,False,True,False,True,False,True,False,True,False,False,True,False,True,False,False,False,False,False,False,False,False,False,False,True,True,True,True,False,False,True,True,False,True,True,True,True,True,False,True,True,True,True
100,200,0.9047972187711046,False,True,True,False,True,False,True,True,False,False,True,True,True,True,False,False,False,False,False,False,False,False,False,True,False,True,True,True,False,False,False,True,True,True,True,True,True,True,True,False,True,False,True,False,True,False,True,True,True,False,False,True,True,True
100,200,0.8884036846871018,False,True,False,False,True,True,False,False,False,True,True,False,True,False,False,False,True,False,False,False,False,False,False,False,True,True,True,False,False,True,False,False,True,False,False,True,True,True,False,False,False,False,True,False,True,False,True,False,True,False,False,True,True,False
100,200,0.8889652554234089,False,False,True,True,False,True,False,True,False,False,True,False,False,False,True,True,False,True,False,False,False,False,False,True,False,True,False,False,False,False,False,False,False,False,False,True,True,False,False,True,False,False,True,True,True,False,True,False,True,False,False,True,True,False
100,200,0.896311011398541,False,False,False,False,True,True,False,True,False,True,False,False,True,True,True,False,False,False,False,False,False,False,True,True,False,True,False,False,False,False,False,True,False,False,True,True,True,False,False,False,False,True,True,True,True,True,False,True,True,False,True,True,True,True
100,200,0.8865166455721512,True,False,True,False,True,False,False,True,False,False,True,False,True,False,True,False,True,False,False,False,False,False,True,True,False,True,False,False,False,False,False,True,False,False,False,False,True,True,False,False,True,False,True,False,False,False,False,False,False,False,False,True,True,True
100,200,0.8864372341696202,False,False,False,True,True,False,True,False,True,True,True,False,False,False,False,False,False,False,True,False,False,False,False,True,False,True,False,False,False,False,True,False,False,False,True,False,False,False,False,False,False,False,True,False,False,False,True,False,True,False,False,True,True,True
100,200,0.9032872528706979,False,False,True,False,False,True,False,True,False,True,True,True,True,False,False,True,False,False,False,True,False,False,True,True,False,False,False,False,False,False,False,True,True,False,False,True,False,True,False,False,False,True,False,True,False,False,False,False,False,True,False,True,True,True
100,200,0.9035089286892506,True,False,False,True,False,True,False,True,False,True,False,False,True,False,False,False,False,False,False,False,False,False,False,False,False,True,True,False,False,True,False,False,False,False,True,True,True,False,False,True,True,False,True,False,True,False,False,False,True,False,False,True,False,False
100,200,0.8910545586720217,True,False,False,False,False,False,False,True,False,False,False,False,False,True,True,True,False,False,False,False,False,False,True,True,False,True,True,False,False,False,False,False,False,False,False,False,True,False,False,False,False,False,True,False,True,False,True,False,True,False,True,True,True,True
100,200,0.8802710189289364,False,False,False,True,False,True,False,False,False,False,True,False,True,False,False,False,False,False,False,False,False,False,True,True,False,True,False,True,False,False,False,False,False,True,True,True,False,False,False,False,False,True,True,False,False,False,True,False,True,False,False,True,True,True
100,200,0.8892933008154154,False,False,True,False,True,False,False,False,False,False,True,False,True,False,True,True,True,False,False,False,False,False,False,False,False,True,False,False,False,False,False,False,False,True,False,True,True,False,False,True,True,False,False,False,False,False,False,False,False,False,True,True,True,True
100,200,0.8921395422828429,False,False,False,True,True,False,False,True,True,True,True,False,True,False,False,False,False,False,False,False,False,False,False,False,False,False,True,False,False,False,True,False,False,True,False,True,False,False,True,True,False,False,True,False,False,True,True,False,True,True,False,True,True,True
100,200,0.8970149963749383,False,False,False,False,True,True,False,False,False,False,True,False,True,False,True,False,False,True,False,True,False,False,False,True,False,True,False,False,False,True,False,True,True,False,True,True,False,False,False,False,False,False,True,False,False,True,False,True,True,True,True,True,True,True
100,200,0.8960952014864028,True,True,False,False,True,False,False,False,False,False,True,False,True,False,False,False,True,False,False,True,False,False,False,True,False,True,True,True,False,True,True,False,False,False,True,True,True,True,False,False,False,True,True,False,False,False,False,False,False,False,False,True,True,True
100,200,0.8823702922869051,False,True,False,False,True,False,False,True,False,True,True,False,True,False,False,False,False,False,False,False,False,False,True,True,False,True,False,False,False,False,False,False,True,False,True,True,True,True,False,True,False,False,True,False,False,False,True,False,True,True,False,True,True,True
100,200,0.9098980098643604,True,False,True,False,False,True,False,True,True,True,False,True,True,False,True,True,False,True,False,True,False,False,False,True,False,False,False,False,False,False,False,False,False,True,False,False,True,False,False,False,True,False,True,True,True,True,False,False,True,True,False,True,True,True
100,200,0.8879672952812039,False,False,False,False,True,False,True,True,True,False,True,False,True,False,False,False,False,True,False,False,False,False,True,False,False,True,True,False,False,False,True,False,False,False,False,True,True,False,False,True,True,False,True,False,False,True,True,False,True,False,False,True,True,True
